# Predicted,Actual,Filename
Caterpillars,Caterpillars,CCI_10_104_jpg.rf.5c3bbbe5bb16823713de92fa3647fc5a.jpg
Caterpillars,Caterpillars,CCI_10_104_jpg.rf.bab262669ad7fe31d63d9e4ef0f06be6.jpg
Caterpillars,Caterpillars,CCI_10_144_jpg.rf.1f666d1e6395e1920433b78dcd6cf8ee.jpg
Caterpillars,Caterpillars,CCI_10_160_jpg.rf.356cc55d11188fd29b5180206db0376d.jpg
Caterpillars,Caterpillars,CCI_10_160_jpg.rf.b282b7323adf299065d4499a00515769.jpg
Caterpillars,Caterpillars,CCI_10_168_jpg.rf.571d8cbdbb4dd2f3fbea496372e8afe8.jpg
Caterpillars,Caterpillars,CCI_10_176_jpg.rf.6b36d1ea95e2bf7fa6772c9ab88e2540.jpg
Caterpillars,Caterpillars,CCI_10_176_jpg.rf.bf3dcb1a3cc14cbcceabc5b4368851e2.jpg
Caterpillars,Caterpillars,CCI_10_224_jpg.rf.bc7295bda5810812d89bc045fb1fd8b8.jpg
Caterpillars,Caterpillars,CCI_10_240_jpg.rf.6815dac083aec564d2b8cd63c7c3ce3c.jpg
Caterpillars,Caterpillars,CCI_10_248_jpg.rf.da2e0a032b8ce4c9f1dd3810aa325abc.jpg
Caterpillars,Caterpillars,CCI_10_256_jpg.rf.d3f250ebb4bc159f65e4dcff1d1d34a0.jpg
Caterpillars,Caterpillars,CCI_10_264_jpg.rf.4f67e9fa5f1420a2b46bc2748dd8e7d5.jpg
Caterpillars,Caterpillars,CCI_10_264_jpg.rf.8099f7582a3724412ce261f944be4c5a.jpg
Caterpillars,Caterpillars,CCI_10_272_jpg.rf.59a4ec78c26df6fed244eca7cb7aa0b8.jpg
Caterpillars,Caterpillars,CCI_10_328_jpg.rf.3fd80387319764d30400266d03434906.jpg
Leaflets,Caterpillars,CCI_10_32_jpg.rf.1201a51042bb152959f8f102749d4a07.jpg
Leaflets,Caterpillars,CCI_10_40_jpg.rf.57346acedcbed30fce085572ab2814e2.jpg
Caterpillars,Caterpillars,CCI_10_48_jpg.rf.c2a534ee7f98de2b006e9d3a2799b617.jpg
Caterpillars,Caterpillars,CCI_10_64_jpg.rf.6ced5cf64ee87a38040174bd0fcde996.jpg
Caterpillars,Caterpillars,CCI_10_80_jpg.rf.4feff834522c56bd022c0cef5f4d515e.jpg
Caterpillars,Caterpillars,CCI_10_88_jpg.rf.0c1c0450d1f44db3a5813a08ff51d931.jpg
Caterpillars,Caterpillars,CCI_11_232_jpg.rf.613e543f58ff4f7f4d02c7eacf3ea136.jpg
Caterpillars,Caterpillars,CCI_11_240_jpg.rf.91b15fd47632af2ae772a9f0ab01d914.jpg
Caterpillars,Caterpillars,CCI_11_240_jpg.rf.c67e086ae2e613ad4dbec040636bf0df.jpg
Caterpillars,Caterpillars,CCI_11_248_jpg.rf.0a87835cd9d98ce2d228be2a83183168.jpg
Caterpillars,Caterpillars,CCI_11_24_jpg.rf.5b07ad4faccb82f41c504cff880820b5.jpg
Caterpillars,Caterpillars,CCI_12_160_jpg.rf.2509a1774a795bfd3068e7f1edbad4ba.jpg
Caterpillars,Caterpillars,CCI_12_184_jpg.rf.3695adf39310b9257d3fad9ca1cf82cd.jpg
Caterpillars,Caterpillars,CCI_12_224_jpg.rf.5fae9844a6f8caff4de4db8e5a21503e.jpg
Caterpillars,Caterpillars,CCI_12_240_jpg.rf.9f2a6d86323aa9175219dff8067455de.jpg
Caterpillars,Caterpillars,CCI_12_280_jpg.rf.844b8bf9dab9d470b754c6fde1c2ff35.jpg
Caterpillars,Caterpillars,CCI_12_288_jpg.rf.087eabc40e73369b9e8e5f6f07f17d0a.jpg
Caterpillars,Caterpillars,CCI_12_288_jpg.rf.2c0c566cc37fcbbde35931b5cc4474f0.jpg
Caterpillars,Caterpillars,CCI_12_32_jpg.rf.5eb55d3b2fa0b316595a4248569ff020.jpg
Caterpillars,Caterpillars,CCI_12_40_jpg.rf.0321c5a8ca7136c1905a06384920e753.jpg
Caterpillars,Caterpillars,CCI_12_48_jpg.rf.6aa432484e955ede6d302a4d3a12151b.jpg
Caterpillars,Caterpillars,CCI_1_110_jpg.rf.87e57f0a38efc901544005fca59ecb46.jpg
Caterpillars,Caterpillars,CCI_1_130_jpg.rf.5f9f21e3e46531fc2ba4cfabbc1fd2c8.jpg
Caterpillars,Caterpillars,CCI_1_135_jpg.rf.de8a9723b0660bbc3edd2743aef436d5.jpg
Caterpillars,Caterpillars,CCI_1_145_jpg.rf.0993ef95b00dc6d134826fb799a86253.jpg
Caterpillars,Caterpillars,CCI_1_145_jpg.rf.318cd38c44ba7e2929635a71426896ab.jpg
Caterpillars,Caterpillars,CCI_1_175_jpg.rf.ee0eec251bae7a21b1e5070e548de200.jpg
Yellowing,Caterpillars,CCI_1_26_jpg.rf.d14b2b0861f0b77adfb4947c8259f87a.jpg
Caterpillars,Caterpillars,CCI_1_280_jpg.rf.8fdf1562b301c7f31271d0ce655c3fbf.jpg
Caterpillars,Caterpillars,CCI_1_374_jpg.rf.c86f47b8a18bb912555f2fa3e890cbd2.jpg
Caterpillars,Caterpillars,CCI_1_386_jpg.rf.e45db319bed825190385a5ca5822008c.jpg
Caterpillars,Caterpillars,CCI_1_388_jpg.rf.a3b396f81aa5ab8a7b6022c8d9008d87.jpg
Caterpillars,Caterpillars,CCI_1_488_jpg.rf.e14f94c7c85e268d7f429a08eef04060.jpg
Caterpillars,Caterpillars,CCI_1_50_jpg.rf.646e254b0e358d587714f9229161f429.jpg
Caterpillars,Caterpillars,CCI_1_530_jpg.rf.360d9240b07347864481a0f3b98232cc.jpg
Caterpillars,Caterpillars,CCI_1_532_jpg.rf.736f66cf2a154df55680b3fe64b980c1.jpg
Caterpillars,Caterpillars,CCI_1_90_jpg.rf.bb9d9b5cca788c49a65889226016bdb4.jpg
Caterpillars,Caterpillars,CCI_2_104_jpg.rf.1b067370da1dab0d3277a2ebae1c6638.jpg
Caterpillars,Caterpillars,CCI_2_135_jpg.rf.1b8e8016670c154dfe8b640f8f7b5504.jpg
Leaflets,Caterpillars,CCI_2_145_jpg.rf.76fdf04b1b8737468f644ba52b779319.jpg
Caterpillars,Caterpillars,CCI_2_150_jpg.rf.0b4a81234c435f20ad22032cdf86da8d.jpg
Caterpillars,Caterpillars,CCI_2_16_jpg.rf.9ab7c797cf6a657f14b4edfc2f28a0ad.jpg
Caterpillars,Caterpillars,CCI_2_175_jpg.rf.95ddb13c37d077435b06ad43a389349f.jpg
Caterpillars,Caterpillars,CCI_2_200_jpg.rf.3e9ea86bda51528344fc4b814754b703.jpg
Yellowing,Caterpillars,CCI_2_205_jpg.rf.02384435e9cb41deb805a3224bee8c3d.jpg
Leaflets,Caterpillars,CCI_2_230_jpg.rf.06fe60cd0c62b01ab43e1beca89b158e.jpg
Leaflets,Caterpillars,CCI_2_235_jpg.rf.d56482d62cb8a841eb91b36f5ddc1e07.jpg
Caterpillars,Caterpillars,CCI_2_240_jpg.rf.3652af982f5af74e25d05abb10f886a1.jpg
Leaflets,Caterpillars,CCI_2_245_jpg.rf.3908584484f56e2dabfac9c72efb774d.jpg
Yellowing,Caterpillars,CCI_2_245_jpg.rf.7c047e3a4eb39fd37929aba74f1e7c76.jpg
Caterpillars,Caterpillars,CCI_2_248_jpg.rf.58cbf572b4d5b60dd1d9fb3992f476f3.jpg
Leaflets,Caterpillars,CCI_2_250_jpg.rf.5d3fc2fb3a3ea516bff0c4092f79b53b.jpg
Caterpillars,Caterpillars,CCI_2_256_jpg.rf.2969d13f98a8fbeb6255a00b902723d4.jpg
Caterpillars,Caterpillars,CCI_2_272_jpg.rf.027dc874ac98bd8766248798dcbd832a.jpg
Caterpillars,Caterpillars,CCI_2_272_jpg.rf.f315c9d8ac55de3cf81a642fbf0ffbb2.jpg
Caterpillars,Caterpillars,CCI_2_288_jpg.rf.7115fbd9012f4559ed54f2a5205bd650.jpg
Caterpillars,Caterpillars,CCI_2_304_jpg.rf.072463fbea2781a284686e64317354c8.jpg
Caterpillars,Caterpillars,CCI_2_312_jpg.rf.fac32cd1ded48264c7023afd5d27449c.jpg
Caterpillars,Caterpillars,CCI_2_320_jpg.rf.2636c02f04fca288ab66b413c92b580d.jpg
Caterpillars,Caterpillars,CCI_2_328_jpg.rf.c875bb6d8f5b10117836641e50e359d9.jpg
Flaccidity,Caterpillars,CCI_2_368_jpg.rf.5eb47bb94f2ad425439cb4ce5e1712f6.jpg
Caterpillars,Caterpillars,CCI_2_55_jpg.rf.c27ed89ee559fa8a4f7e878219b6ced4.jpg
Leaflets,Caterpillars,CCI_2_90_jpg.rf.45d23d8726c81b1dcf11d367bcfab141.jpg
Caterpillars,Caterpillars,CCI_3_105_jpg.rf.a42c1e8e4c415dacde93e58a36c239f8.jpg
Caterpillars,Caterpillars,CCI_3_105_jpg.rf.ddb60713ca754367cb3849f252b47752.jpg
Caterpillars,Caterpillars,CCI_3_115_jpg.rf.ad1decdc4316f2df12b7ebb6d7c6b68f.jpg
Caterpillars,Caterpillars,CCI_3_115_jpg.rf.daf6002c63f4354b97d164b518441722.jpg
Caterpillars,Caterpillars,CCI_3_135_jpg.rf.c8b0e3ab0c239e9e95ff14862a5ef1fa.jpg
Caterpillars,Caterpillars,CCI_3_145_jpg.rf.095e4627656454629066912b1cd622df.jpg
Caterpillars,Caterpillars,CCI_3_150_jpg.rf.013c4ac9c5383dcdad112869102c3d63.jpg
Caterpillars,Caterpillars,CCI_3_15_jpg.rf.abb402d15b11d903021ec712d9157446.jpg
Caterpillars,Caterpillars,CCI_3_170_jpg.rf.949be7d6feb40b31572ae6344039a1cf.jpg
Caterpillars,Caterpillars,CCI_3_175_jpg.rf.15212093c6ee273c61145d1ea3c56941.jpg
Caterpillars,Caterpillars,CCI_3_180_jpg.rf.799f6a9bf0b28cbd40d3e657826bc891.jpg
Caterpillars,Caterpillars,CCI_3_190_jpg.rf.5912cd720e67a7bd6a62769d200db485.jpg
Caterpillars,Caterpillars,CCI_3_200_jpg.rf.bcdd5b9d78444e37dfb77e082c4042e0.jpg
Caterpillars,Caterpillars,CCI_3_20_jpg.rf.3effd9033b1b145c16a380ffc5d7201f.jpg
Caterpillars,Caterpillars,CCI_3_220_jpg.rf.4d7050a127ce08f0e008e6aa43091c0f.jpg
Caterpillars,Caterpillars,CCI_3_235_jpg.rf.78a26fcf9d54923bfff9e5f95e5bfa1a.jpg
Caterpillars,Caterpillars,CCI_3_245_jpg.rf.f990c6be38da0aba04d09d5fc2d75e1f.jpg
Caterpillars,Caterpillars,CCI_3_250_jpg.rf.8bbabc9d258f0be65da1f672d642fefa.jpg
Caterpillars,Caterpillars,CCI_3_250_jpg.rf.ee941677e39ec54d77779d3a2cc57da7.jpg
Caterpillars,Caterpillars,CCI_3_30_jpg.rf.2f3e0d025e774d98faeb47111139e220.jpg
Caterpillars,Caterpillars,CCI_3_45_jpg.rf.7f1ea7c65184a001d4ae1dde7d04b1e7.jpg
Caterpillars,Caterpillars,CCI_3_50_jpg.rf.551daa57596097a62e8b7e6a9de8f0d8.jpg
Caterpillars,Caterpillars,CCI_3_55_jpg.rf.2cf8ac3ec13efe34f88552f01b64d465.jpg
Caterpillars,Caterpillars,CCI_3_90_jpg.rf.8c4cb1ad9415a297e49341eba5761b9b.jpg
Caterpillars,Caterpillars,CCI_3_95_jpg.rf.8496a4a03073a2dd2e7d9d3e389845ea.jpg
Caterpillars,Caterpillars,CCI_4_104_jpg.rf.a8b491a67e620687c31cabe6f2b92491.jpg
Caterpillars,Caterpillars,CCI_4_40_jpg.rf.19d1633f7c9d4fde0fb9a1ca89707953.jpg
Caterpillars,Caterpillars,CCI_4_48_jpg.rf.e0951d5a9c652321789c963fcce7f2c2.jpg
Caterpillars,Caterpillars,CCI_4_80_jpg.rf.dff77307a9ef830ebe09e0be4dea016c.jpg
Caterpillars,Caterpillars,CCI_4_96_jpg.rf.759bd22c250da430e28e19c8597a3aa2.jpg
Caterpillars,Caterpillars,CCI_5_104_jpg.rf.7a0b6d6530976ebc953675ba2aa18010.jpg
Caterpillars,Caterpillars,CCI_5_112_jpg.rf.206c3066630cdfccfc4aba132d2f58d0.jpg
Caterpillars,Caterpillars,CCI_5_112_jpg.rf.4251a9dc708f9d712f3aeee0f0f5fdcb.jpg
Caterpillars,Caterpillars,CCI_5_128_jpg.rf.f85b95cc9c8586d0696a02178115dae0.jpg
Caterpillars,Caterpillars,CCI_5_160_jpg.rf.14fca42cdf740ad9139b2ff89a8531be.jpg
Caterpillars,Caterpillars,CCI_5_160_jpg.rf.f85459a6e691e4b3b2995a97ea911776.jpg
Caterpillars,Caterpillars,CCI_5_168_jpg.rf.35673ba3e87e7d54e988fd5177bde94d.jpg
Caterpillars,Caterpillars,CCI_5_16_jpg.rf.0313e26a82c3bbe46e00f50dc9f99c2a.jpg
Caterpillars,Caterpillars,CCI_5_16_jpg.rf.055cc9a4c292a0eac1e1b9a5ca7c5215.jpg
Caterpillars,Caterpillars,CCI_5_176_jpg.rf.7a66b78c937ad7b38d06944f408749eb.jpg
Caterpillars,Caterpillars,CCI_5_176_jpg.rf.ada6017b88d8b43b12a175ebd80b39aa.jpg
Caterpillars,Caterpillars,CCI_5_256_jpg.rf.7cdd8534bb0af2eab2b91e21e929f715.jpg
Caterpillars,Caterpillars,CCI_5_264_jpg.rf.85c2436897b8d6b774d87198bb76fbea.jpg
Caterpillars,Caterpillars,CCI_5_272_jpg.rf.59664e5eff4caf3394109d55597c5f4f.jpg
Caterpillars,Caterpillars,CCI_5_272_jpg.rf.bf06a24a59c5bcaff575ff0bdffe11f8.jpg
Caterpillars,Caterpillars,CCI_5_280_jpg.rf.5184f85d898475be511d50701be1f69d.jpg
Caterpillars,Caterpillars,CCI_5_280_jpg.rf.a664d4dfe9138831c8bde4f1baca13ef.jpg
Caterpillars,Caterpillars,CCI_5_296_jpg.rf.b3aa4aaf3033abd7e2ff82c24f29e2f3.jpg
Caterpillars,Caterpillars,CCI_5_320_jpg.rf.1dd1f10c321a1eea892cc7d7d299180a.jpg
Caterpillars,Caterpillars,CCI_5_328_jpg.rf.7083cddbd3eeeeb9d97d71abc5d47b23.jpg
Caterpillars,Caterpillars,CCI_5_352_jpg.rf.bcb0971e33376af664cfa814bc1f2753.jpg
Caterpillars,Caterpillars,CCI_5_88_jpg.rf.20dae5cedc5fe918a7a9e91a888cdb6a.jpg
Caterpillars,Caterpillars,CCI_5_8_jpg.rf.9a5bffc88f969f62097854230f92f93f.jpg
Caterpillars,Caterpillars,CCI_6_112_jpg.rf.36ace34bc8bb6b446110869d51278b50.jpg
Caterpillars,Caterpillars,CCI_6_16_jpg.rf.8230684204d5743b74863d98c5212239.jpg
Caterpillars,Caterpillars,CCI_6_24_jpg.rf.810b76c39afb2c2435ad44661cc54cf7.jpg
Caterpillars,Caterpillars,CCI_6_48_jpg.rf.c0487e836755ccb5e0556d47accad106.jpg
Leaflets,Caterpillars,CCI_6_56_jpg.rf.07c17259a7c951c33419610dfd54f704.jpg
Caterpillars,Caterpillars,CCI_6_88_jpg.rf.c5b323dbb42cd4ab01e26e98443f84b3.jpg
Caterpillars,Caterpillars,CCI_6_8_jpg.rf.18e942fb32184f842de9fc0fdee4902e.jpg
Caterpillars,Caterpillars,CCI_6_8_jpg.rf.a432b87eee02c9285a00f89c15fc7def.jpg
Caterpillars,Caterpillars,CCI_6_96_jpg.rf.ca6e64585b3a74980cec65c52e42842d.jpg
Caterpillars,Caterpillars,CCI_6_96_jpg.rf.ea9e9a3b68d98b91c304a6ece50cf368.jpg
Caterpillars,Caterpillars,CCI_7_104_jpg.rf.253897222b5eb547db90d8f8e83a4b56.jpg
Caterpillars,Caterpillars,CCI_7_112_jpg.rf.3d70be036b766c887e3363fbbbcbf9ab.jpg
Caterpillars,Caterpillars,CCI_7_120_jpg.rf.b98b45cf3ded40a87ad024c8e3c6b43b.jpg
Caterpillars,Caterpillars,CCI_7_144_jpg.rf.7ca2618163a43d389b84916eb50504eb.jpg
Caterpillars,Caterpillars,CCI_7_160_jpg.rf.48ab74b655530e7d069c602185002869.jpg
Caterpillars,Caterpillars,CCI_7_16_jpg.rf.199a23c205ccc08c83cabfd15c06bdad.jpg
Caterpillars,Caterpillars,CCI_7_24_jpg.rf.baa99c69770167ae222e3050412ae67b.jpg
Caterpillars,Caterpillars,CCI_7_64_jpg.rf.6ed4128fa2faf2ffcceb6a2fcc677c1f.jpg
Caterpillars,Caterpillars,CCI_7_72_jpg.rf.252a9571a542bad4a541c26c076ec978.jpg
Caterpillars,Caterpillars,CCI_7_80_jpg.rf.29afde3e21f9c1159c7446dbca6189cd.jpg
Caterpillars,Caterpillars,CCI_7_8_jpg.rf.979cee0a1f40556871b89c3405c4aeaf.jpg
Caterpillars,Caterpillars,CCI_7_8_jpg.rf.e96c1273df56da2822112bbef90d3c5c.jpg
Caterpillars,Caterpillars,CCI_8_104_jpg.rf.82c4e9dd5b01d6a6004fca951a48492e.jpg
Caterpillars,Caterpillars,CCI_8_104_jpg.rf.dfa66cc828fc4291c543a8e9eded510b.jpg
Caterpillars,Caterpillars,CCI_8_112_jpg.rf.811d2b905a07c312533d551196fe4a64.jpg
Caterpillars,Caterpillars,CCI_8_120_jpg.rf.cc58152f1f21dc443cab32a7028f4304.jpg
Caterpillars,Caterpillars,CCI_8_120_jpg.rf.da83ec8fd0393f8f87f1181dd9afbad8.jpg
Caterpillars,Caterpillars,CCI_8_120_jpg.rf.dae2d76c82fa9d3f136b9febae5c9deb.jpg
Caterpillars,Caterpillars,CCI_8_168_jpg.rf.2bea0e0f018bc7c6a109e57e744d21b2.jpg
Caterpillars,Caterpillars,CCI_8_176_jpg.rf.3ec9a840b2baf255e5b2cf2e6e4c6e7d.jpg
Caterpillars,Caterpillars,CCI_8_192_jpg.rf.9cef61c52ca2b38208764190052467be.jpg
Yellowing,Caterpillars,CCI_8_200_jpg.rf.065b2f12c484764e76b3649b0478f276.jpg
Caterpillars,Caterpillars,CCI_8_208_jpg.rf.fba63dddd8bbaaa7628a0153f8e7a655.jpg
Caterpillars,Caterpillars,CCI_8_256_jpg.rf.9f8d34001b9cbdea89636b7edd431d5a.jpg
Caterpillars,Caterpillars,CCI_8_280_jpg.rf.84200fd1d12752eece2fd949cfb8884b.jpg
Yellowing,Caterpillars,CCI_8_320_jpg.rf.eb2e5faf1f543b7a0cfa23d1712dbc3a.jpg
Caterpillars,Caterpillars,CCI_8_40_jpg.rf.922f192d7ad094d96418c94b84432f46.jpg
Caterpillars,Caterpillars,CCI_8_56_jpg.rf.a9b1c3659096917375dd7b16b478c452.jpg
Leaflets,Caterpillars,CCI_8_72_jpg.rf.b9b13b5b9556aad2b62e485a0427f067.jpg
Yellowing,Caterpillars,CCI_8_8_jpg.rf.42340d1f2cd7e6a97b0e1e160ce6fbfd.jpg
Caterpillars,Caterpillars,CCI_8_96_jpg.rf.eb5e21140a1579e10e6cf146dfbce5df.jpg
Leaflets,Caterpillars,CCI_9_0_jpg.rf.6f9718e65128d18c08c6bf612456cd23.jpg
Leaflets,Caterpillars,CCI_9_128_jpg.rf.9208987e86fba9b7ea2bd3bd0c3dbfb9.jpg
Caterpillars,Caterpillars,CCI_9_144_jpg.rf.c2652e43d811f28f124e75a017f26b9a.jpg
Caterpillars,Caterpillars,CCI_9_152_jpg.rf.38437cf83dbe6a70af2f595b91337c73.jpg
Caterpillars,Caterpillars,CCI_9_152_jpg.rf.6b64c8520592f2cfa64501b459e56027.jpg
Caterpillars,Caterpillars,CCI_9_152_jpg.rf.7f90af721764de4efc77162157a7afce.jpg
Caterpillars,Caterpillars,CCI_9_208_jpg.rf.5db37e7041e1e560df127e777aa9cabd.jpg
Caterpillars,Caterpillars,CCI_9_224_jpg.rf.1ba9e657ad17e6de96827fa15513b602.jpg
Caterpillars,Caterpillars,CCI_9_240_jpg.rf.396116cbd5194646e12ed700744b327e.jpg
Caterpillars,Caterpillars,CCI_9_240_jpg.rf.d6643f8db22c347b7a9f2c20fbe60ea3.jpg
Caterpillars,Caterpillars,CCI_9_24_jpg.rf.de3600d9e5bc73279beacb80d752546f.jpg
Leaflets,Caterpillars,CCI_9_24_jpg.rf.e7449702ba6b3a759145f28cf8d4839e.jpg
Caterpillars,Caterpillars,CCI_9_312_jpg.rf.9019b42dfe3812028ea3d6e4cb068a8c.jpg
Caterpillars,Caterpillars,CCI_9_368_jpg.rf.f018b6ac74d3ba488cebbeb134707e55.jpg
Caterpillars,Caterpillars,CCI_9_376_jpg.rf.dea4b4f5d6b9c1d0ee3925e649cf25b4.jpg
Flaccidity,Caterpillars,CCI_9_408_jpg.rf.d8b07f47515f4efedd5ff48fdf75ca0f.jpg
Leaflets,Caterpillars,CCI_9_40_jpg.rf.191815e38dea374ca6513a6d5269810d.jpg
Leaflets,Caterpillars,CCI_9_88_jpg.rf.396b9a4f2310e4154d86a4aa88a98957.jpg
Caterpillars,Caterpillars,CCI_9_88_jpg.rf.e2037cd9bea98614b35702eb55df6b16.jpg
Caterpillars,Caterpillars,CCI_9_8_jpg.rf.161ff47539803252398ce031f9fe5268.jpg
Leaflets,Caterpillars,CCI_9_8_jpg.rf.b011da41ad33a1aa19b85a83f2c6647c.jpg
Caterpillars,Caterpillars,CCI_9_8_jpg.rf.cd2da5340fca10e8726047224ac86337.jpg
Leaflets,Caterpillars,i1_jpg.rf.4afff768a85f93e3025430a2b74f964e.jpg
Drying of Leaflets,Caterpillars,i8_jpg.rf.ad537e4c6afd18701b9f6f18c29986fd.jpg
Leaflets,Caterpillars,i9_jpg.rf.ba96388c2010496ef6e4183252fb4de4.jpg
Leaflets,Drying of Leaflets,DSC_0048.JPG
Leaflets,Drying of Leaflets,DSC_0093.JPG
Drying of Leaflets,Drying of Leaflets,DSC_0134.JPG
Drying of Leaflets,Drying of Leaflets,f_aug_0_1145.jpeg
Drying of Leaflets,Drying of Leaflets,f_aug_0_1223.jpeg
Drying of Leaflets,Drying of Leaflets,f_aug_0_1246.jpeg
Drying of Leaflets,Drying of Leaflets,f_aug_0_1266.jpeg
Yellowing,Drying of Leaflets,f_aug_0_1308.jpeg
Drying of Leaflets,Drying of Leaflets,f_aug_0_133.jpeg
Leaflets,Drying of Leaflets,f_aug_0_1436.jpeg
Drying of Leaflets,Drying of Leaflets,f_aug_0_1465.jpeg
Drying of Leaflets,Drying of Leaflets,f_aug_0_152.jpeg
Drying of Leaflets,Drying of Leaflets,f_aug_0_1527.jpeg
Yellowing,Drying of Leaflets,f_aug_0_1566.jpeg
Drying of Leaflets,Drying of Leaflets,f_aug_0_1629.jpeg
Yellowing,Drying of Leaflets,f_aug_0_1633.jpeg
Drying of Leaflets,Drying of Leaflets,f_aug_0_1747.jpeg
Drying of Leaflets,Drying of Leaflets,f_aug_0_1800.jpeg
Drying of Leaflets,Drying of Leaflets,f_aug_0_1858.jpeg
Drying of Leaflets,Drying of Leaflets,f_aug_0_1867.jpeg
Drying of Leaflets,Drying of Leaflets,f_aug_0_1869.jpeg
Drying of Leaflets,Drying of Leaflets,f_aug_0_1873.jpeg
Drying of Leaflets,Drying of Leaflets,f_aug_0_1903.jpeg
Drying of Leaflets,Drying of Leaflets,f_aug_0_1914.jpeg
Drying of Leaflets,Drying of Leaflets,f_aug_0_1946.jpeg
Drying of Leaflets,Drying of Leaflets,f_aug_0_1961.jpeg
Drying of Leaflets,Drying of Leaflets,f_aug_0_2003.jpeg
Yellowing,Drying of Leaflets,f_aug_0_2059.jpeg
Drying of Leaflets,Drying of Leaflets,f_aug_0_2118.jpeg
Drying of Leaflets,Drying of Leaflets,f_aug_0_2137.jpeg
Yellowing,Drying of Leaflets,f_aug_0_2363.jpeg
Drying of Leaflets,Drying of Leaflets,f_aug_0_2439.jpeg
Drying of Leaflets,Drying of Leaflets,f_aug_0_2452.jpeg
Drying of Leaflets,Drying of Leaflets,f_aug_0_248.jpeg
Yellowing,Drying of Leaflets,f_aug_0_2520.jpeg
Drying of Leaflets,Drying of Leaflets,f_aug_0_2523.jpeg
Drying of Leaflets,Drying of Leaflets,f_aug_0_2668.jpeg
Drying of Leaflets,Drying of Leaflets,f_aug_0_2692.jpeg
Drying of Leaflets,Drying of Leaflets,f_aug_0_272.jpeg
Yellowing,Drying of Leaflets,f_aug_0_2753.jpeg
Drying of Leaflets,Drying of Leaflets,f_aug_0_2789.jpeg
Drying of Leaflets,Drying of Leaflets,f_aug_0_2809.jpeg
Drying of Leaflets,Drying of Leaflets,f_aug_0_2846.jpeg
Drying of Leaflets,Drying of Leaflets,f_aug_0_2848.jpeg
Drying of Leaflets,Drying of Leaflets,f_aug_0_2858.jpeg
Drying of Leaflets,Drying of Leaflets,f_aug_0_2958.jpeg
Yellowing,Drying of Leaflets,f_aug_0_3041.jpeg
Drying of Leaflets,Drying of Leaflets,f_aug_0_3055.jpeg
Drying of Leaflets,Drying of Leaflets,f_aug_0_3083.jpeg
Yellowing,Drying of Leaflets,f_aug_0_3090.jpeg
Flaccidity,Drying of Leaflets,f_aug_0_3105.jpeg
Drying of Leaflets,Drying of Leaflets,f_aug_0_311.jpeg
Drying of Leaflets,Drying of Leaflets,f_aug_0_3233.jpeg
Drying of Leaflets,Drying of Leaflets,f_aug_0_329.jpeg
Drying of Leaflets,Drying of Leaflets,f_aug_0_3294.jpeg
Drying of Leaflets,Drying of Leaflets,f_aug_0_3309.jpeg
Leaflets,Drying of Leaflets,f_aug_0_3335.jpeg
Drying of Leaflets,Drying of Leaflets,f_aug_0_3395.jpeg
Drying of Leaflets,Drying of Leaflets,f_aug_0_3449.jpeg
Drying of Leaflets,Drying of Leaflets,f_aug_0_3484.jpeg
Drying of Leaflets,Drying of Leaflets,f_aug_0_3486.jpeg
Yellowing,Drying of Leaflets,f_aug_0_3528.jpeg
Drying of Leaflets,Drying of Leaflets,f_aug_0_3543.jpeg
Drying of Leaflets,Drying of Leaflets,f_aug_0_3590.jpeg
Drying of Leaflets,Drying of Leaflets,f_aug_0_3655.jpeg
Drying of Leaflets,Drying of Leaflets,f_aug_0_3656.jpeg
Drying of Leaflets,Drying of Leaflets,f_aug_0_3680.jpeg
Drying of Leaflets,Drying of Leaflets,f_aug_0_3681.jpeg
Drying of Leaflets,Drying of Leaflets,f_aug_0_3746.jpeg
Drying of Leaflets,Drying of Leaflets,f_aug_0_3748.jpeg
Drying of Leaflets,Drying of Leaflets,f_aug_0_3769.jpeg
Drying of Leaflets,Drying of Leaflets,f_aug_0_3774.jpeg
Leaflets,Drying of Leaflets,f_aug_0_3836.jpeg
Drying of Leaflets,Drying of Leaflets,f_aug_0_3867.jpeg
Drying of Leaflets,Drying of Leaflets,f_aug_0_3879.jpeg
Drying of Leaflets,Drying of Leaflets,f_aug_0_389.jpeg
Drying of Leaflets,Drying of Leaflets,f_aug_0_3933.jpeg
Drying of Leaflets,Drying of Leaflets,f_aug_0_3944.jpeg
Drying of Leaflets,Drying of Leaflets,f_aug_0_3997.jpeg
Drying of Leaflets,Drying of Leaflets,f_aug_0_4021.jpeg
Yellowing,Drying of Leaflets,f_aug_0_4087.jpeg
Leaflets,Drying of Leaflets,f_aug_0_4240.jpeg
Flaccidity,Drying of Leaflets,f_aug_0_4311.jpeg
Yellowing,Drying of Leaflets,f_aug_0_4332.jpeg
Yellowing,Drying of Leaflets,f_aug_0_4365.jpeg
Drying of Leaflets,Drying of Leaflets,f_aug_0_4384.jpeg
Yellowing,Drying of Leaflets,f_aug_0_4389.jpeg
Drying of Leaflets,Drying of Leaflets,f_aug_0_4402.jpeg
Drying of Leaflets,Drying of Leaflets,f_aug_0_442.jpeg
Yellowing,Drying of Leaflets,f_aug_0_4447.jpeg
Drying of Leaflets,Drying of Leaflets,f_aug_0_4486.jpeg
Drying of Leaflets,Drying of Leaflets,f_aug_0_4526.jpeg
Drying of Leaflets,Drying of Leaflets,f_aug_0_4537.jpeg
Drying of Leaflets,Drying of Leaflets,f_aug_0_4560.jpeg
Drying of Leaflets,Drying of Leaflets,f_aug_0_457.jpeg
Drying of Leaflets,Drying of Leaflets,f_aug_0_4576.jpeg
Drying of Leaflets,Drying of Leaflets,f_aug_0_4612.jpeg
Yellowing,Drying of Leaflets,f_aug_0_4646.jpeg
Drying of Leaflets,Drying of Leaflets,f_aug_0_4658.jpeg
Leaflets,Drying of Leaflets,f_aug_0_4702.jpeg
Drying of Leaflets,Drying of Leaflets,f_aug_0_4714.jpeg
Drying of Leaflets,Drying of Leaflets,f_aug_0_475.jpeg
Drying of Leaflets,Drying of Leaflets,f_aug_0_4850.jpeg
Drying of Leaflets,Drying of Leaflets,f_aug_0_486.jpeg
Drying of Leaflets,Drying of Leaflets,f_aug_0_4874.jpeg
Drying of Leaflets,Drying of Leaflets,f_aug_0_4878.jpeg
Yellowing,Drying of Leaflets,f_aug_0_4884.jpeg
Drying of Leaflets,Drying of Leaflets,f_aug_0_4885.jpeg
Drying of Leaflets,Drying of Leaflets,f_aug_0_4943.jpeg
Drying of Leaflets,Drying of Leaflets,f_aug_0_50.jpeg
Yellowing,Drying of Leaflets,f_aug_0_5007.jpeg
Drying of Leaflets,Drying of Leaflets,f_aug_0_5058.jpeg
Drying of Leaflets,Drying of Leaflets,f_aug_0_511.jpeg
Yellowing,Drying of Leaflets,f_aug_0_5198.jpeg
Yellowing,Drying of Leaflets,f_aug_0_5222.jpeg
Drying of Leaflets,Drying of Leaflets,f_aug_0_527.jpeg
Drying of Leaflets,Drying of Leaflets,f_aug_0_5282.jpeg
Drying of Leaflets,Drying of Leaflets,f_aug_0_5292.jpeg
Drying of Leaflets,Drying of Leaflets,f_aug_0_5297.jpeg
Drying of Leaflets,Drying of Leaflets,f_aug_0_5314.jpeg
Drying of Leaflets,Drying of Leaflets,f_aug_0_5335.jpeg
Drying of Leaflets,Drying of Leaflets,f_aug_0_5350.jpeg
Yellowing,Drying of Leaflets,f_aug_0_5360.jpeg
Drying of Leaflets,Drying of Leaflets,f_aug_0_5423.jpeg
Drying of Leaflets,Drying of Leaflets,f_aug_0_5443.jpeg
Yellowing,Drying of Leaflets,f_aug_0_553.jpeg
Drying of Leaflets,Drying of Leaflets,f_aug_0_5535.jpeg
Drying of Leaflets,Drying of Leaflets,f_aug_0_5597.jpeg
Drying of Leaflets,Drying of Leaflets,f_aug_0_56.jpeg
Drying of Leaflets,Drying of Leaflets,f_aug_0_5608.jpeg
Drying of Leaflets,Drying of Leaflets,f_aug_0_5699.jpeg
Drying of Leaflets,Drying of Leaflets,f_aug_0_5740.jpeg
Drying of Leaflets,Drying of Leaflets,f_aug_0_5801.jpeg
Drying of Leaflets,Drying of Leaflets,f_aug_0_5838.jpeg
Drying of Leaflets,Drying of Leaflets,f_aug_0_589.jpeg
Drying of Leaflets,Drying of Leaflets,f_aug_0_5907.jpeg
Drying of Leaflets,Drying of Leaflets,f_aug_0_5909.jpeg
Drying of Leaflets,Drying of Leaflets,f_aug_0_5914.jpeg
Drying of Leaflets,Drying of Leaflets,f_aug_0_5930.jpeg
Drying of Leaflets,Drying of Leaflets,f_aug_0_6092.jpeg
Drying of Leaflets,Drying of Leaflets,f_aug_0_615.jpeg
Drying of Leaflets,Drying of Leaflets,f_aug_0_6264.jpeg
Yellowing,Drying of Leaflets,f_aug_0_6311.jpeg
Drying of Leaflets,Drying of Leaflets,f_aug_0_6348.jpeg
Drying of Leaflets,Drying of Leaflets,f_aug_0_6397.jpeg
Yellowing,Drying of Leaflets,f_aug_0_6409.jpeg
Drying of Leaflets,Drying of Leaflets,f_aug_0_6439.jpeg
Yellowing,Drying of Leaflets,f_aug_0_6485.jpeg
Drying of Leaflets,Drying of Leaflets,f_aug_0_6491.jpeg
Drying of Leaflets,Drying of Leaflets,f_aug_0_6562.jpeg
Drying of Leaflets,Drying of Leaflets,f_aug_0_6628.jpeg
Drying of Leaflets,Drying of Leaflets,f_aug_0_6721.jpeg
Drying of Leaflets,Drying of Leaflets,f_aug_0_6761.jpeg
Yellowing,Drying of Leaflets,f_aug_0_6791.jpeg
Drying of Leaflets,Drying of Leaflets,f_aug_0_6814.jpeg
Drying of Leaflets,Drying of Leaflets,f_aug_0_6939.jpeg
Yellowing,Drying of Leaflets,f_aug_0_6964.jpeg
Yellowing,Drying of Leaflets,f_aug_0_7034.jpeg
Drying of Leaflets,Drying of Leaflets,f_aug_0_7122.jpeg
Drying of Leaflets,Drying of Leaflets,f_aug_0_7205.jpeg
Drying of Leaflets,Drying of Leaflets,f_aug_0_7401.jpeg
Yellowing,Drying of Leaflets,f_aug_0_7468.jpeg
Drying of Leaflets,Drying of Leaflets,f_aug_0_7498.jpeg
Drying of Leaflets,Drying of Leaflets,f_aug_0_7506.jpeg
Drying of Leaflets,Drying of Leaflets,f_aug_0_7509.jpeg
Yellowing,Drying of Leaflets,f_aug_0_7592.jpeg
Yellowing,Drying of Leaflets,f_aug_0_7632.jpeg
Drying of Leaflets,Drying of Leaflets,f_aug_0_7673.jpeg
Yellowing,Drying of Leaflets,f_aug_0_7727.jpeg
Drying of Leaflets,Drying of Leaflets,f_aug_0_773.jpeg
Drying of Leaflets,Drying of Leaflets,f_aug_0_7741.jpeg
Drying of Leaflets,Drying of Leaflets,f_aug_0_7750.jpeg
Leaflets,Drying of Leaflets,f_aug_0_7765.jpeg
Flaccidity,Drying of Leaflets,f_aug_0_7782.jpeg
Drying of Leaflets,Drying of Leaflets,f_aug_0_7818.jpeg
Drying of Leaflets,Drying of Leaflets,f_aug_0_8082.jpeg
Drying of Leaflets,Drying of Leaflets,f_aug_0_8133.jpeg
Drying of Leaflets,Drying of Leaflets,f_aug_0_824.jpeg
Drying of Leaflets,Drying of Leaflets,f_aug_0_8269.jpeg
Drying of Leaflets,Drying of Leaflets,f_aug_0_8273.jpeg
Drying of Leaflets,Drying of Leaflets,f_aug_0_8299.jpeg
Drying of Leaflets,Drying of Leaflets,f_aug_0_8359.jpeg
Drying of Leaflets,Drying of Leaflets,f_aug_0_8452.jpeg
Drying of Leaflets,Drying of Leaflets,f_aug_0_846.jpeg
Drying of Leaflets,Drying of Leaflets,f_aug_0_8510.jpeg
Drying of Leaflets,Drying of Leaflets,f_aug_0_8545.jpeg
Drying of Leaflets,Drying of Leaflets,f_aug_0_855.jpeg
Yellowing,Drying of Leaflets,f_aug_0_8578.jpeg
Drying of Leaflets,Drying of Leaflets,f_aug_0_8598.jpeg
Drying of Leaflets,Drying of Leaflets,f_aug_0_8642.jpeg
Drying of Leaflets,Drying of Leaflets,f_aug_0_8653.jpeg
Drying of Leaflets,Drying of Leaflets,f_aug_0_8718.jpeg
Yellowing,Drying of Leaflets,f_aug_0_8724.jpeg
Drying of Leaflets,Drying of Leaflets,f_aug_0_875.jpeg
Drying of Leaflets,Drying of Leaflets,f_aug_0_8773.jpeg
Yellowing,Drying of Leaflets,f_aug_0_8795.jpeg
Drying of Leaflets,Drying of Leaflets,f_aug_0_8845.jpeg
Drying of Leaflets,Drying of Leaflets,f_aug_0_8857.jpeg
Drying of Leaflets,Drying of Leaflets,f_aug_0_8861.jpeg
Drying of Leaflets,Drying of Leaflets,f_aug_0_8944.jpeg
Yellowing,Drying of Leaflets,f_aug_0_9014.jpeg
Yellowing,Drying of Leaflets,f_aug_0_9231.jpeg
Yellowing,Drying of Leaflets,f_aug_0_9269.jpeg
Drying of Leaflets,Drying of Leaflets,f_aug_0_9284.jpeg
Drying of Leaflets,Drying of Leaflets,f_aug_0_9389.jpeg
Drying of Leaflets,Drying of Leaflets,f_aug_0_9549.jpeg
Drying of Leaflets,Drying of Leaflets,f_aug_0_959.jpeg
Drying of Leaflets,Drying of Leaflets,f_aug_0_9656.jpeg
Drying of Leaflets,Drying of Leaflets,f_aug_0_9693.jpeg
Yellowing,Drying of Leaflets,f_aug_0_9729.jpeg
Drying of Leaflets,Drying of Leaflets,f_aug_0_9742.jpeg
Drying of Leaflets,Drying of Leaflets,f_aug_0_9745.jpeg
Yellowing,Drying of Leaflets,f_aug_0_9773.jpeg
Drying of Leaflets,Drying of Leaflets,f_aug_0_9806.jpeg
Leaflets,Drying of Leaflets,f_aug_0_990.jpeg
Yellowing,Drying of Leaflets,f_aug_0_9949.jpeg
Flaccidity,Flaccidity,DSC_0010.JPG
Leaflets,Flaccidity,DSC_0057.JPG
Flaccidity,Flaccidity,DSC_0105.JPG
Flaccidity,Flaccidity,D_0034.JPG
Flaccidity,Flaccidity,f_aug_0_1096.jpeg
Drying of Leaflets,Flaccidity,f_aug_0_1129.jpeg
Yellowing,Flaccidity,f_aug_0_1130.jpeg
Flaccidity,Flaccidity,f_aug_0_1149.jpeg
Flaccidity,Flaccidity,f_aug_0_1211.jpeg
Leaflets,Flaccidity,f_aug_0_1301.jpeg
Flaccidity,Flaccidity,f_aug_0_1338.jpeg
Leaflets,Flaccidity,f_aug_0_1357.jpeg
Flaccidity,Flaccidity,f_aug_0_1399.jpeg
Flaccidity,Flaccidity,f_aug_0_1418.jpeg
Flaccidity,Flaccidity,f_aug_0_1439.jpeg
Leaflets,Flaccidity,f_aug_0_1543.jpeg
Leaflets,Flaccidity,f_aug_0_1575.jpeg
Flaccidity,Flaccidity,f_aug_0_1581.jpeg
Flaccidity,Flaccidity,f_aug_0_1713.jpeg
Flaccidity,Flaccidity,f_aug_0_1719.jpeg
Flaccidity,Flaccidity,f_aug_0_1836.jpeg
Flaccidity,Flaccidity,f_aug_0_1841.jpeg
Flaccidity,Flaccidity,f_aug_0_187.jpeg
Flaccidity,Flaccidity,f_aug_0_193.jpeg
Flaccidity,Flaccidity,f_aug_0_1933.jpeg
Flaccidity,Flaccidity,f_aug_0_1957.jpeg
Flaccidity,Flaccidity,f_aug_0_2074.jpeg
Flaccidity,Flaccidity,f_aug_0_2092.jpeg
Flaccidity,Flaccidity,f_aug_0_21.jpeg
Flaccidity,Flaccidity,f_aug_0_214.jpeg
Yellowing,Flaccidity,f_aug_0_2165.jpeg
Flaccidity,Flaccidity,f_aug_0_2230.jpeg
Flaccidity,Flaccidity,f_aug_0_2262.jpeg
Flaccidity,Flaccidity,f_aug_0_227.jpeg
Flaccidity,Flaccidity,f_aug_0_2345.jpeg
Flaccidity,Flaccidity,f_aug_0_2347.jpeg
Drying of Leaflets,Flaccidity,f_aug_0_2354.jpeg
Flaccidity,Flaccidity,f_aug_0_2377.jpeg
Leaflets,Flaccidity,f_aug_0_2457.jpeg
Leaflets,Flaccidity,f_aug_0_2674.jpeg
Flaccidity,Flaccidity,f_aug_0_2694.jpeg
Flaccidity,Flaccidity,f_aug_0_2699.jpeg
Flaccidity,Flaccidity,f_aug_0_2714.jpeg
Flaccidity,Flaccidity,f_aug_0_272.jpeg
Flaccidity,Flaccidity,f_aug_0_2753.jpeg
Flaccidity,Flaccidity,f_aug_0_2803.jpeg
Flaccidity,Flaccidity,f_aug_0_2806.jpeg
Flaccidity,Flaccidity,f_aug_0_2836.jpeg
Yellowing,Flaccidity,f_aug_0_286.jpeg
Flaccidity,Flaccidity,f_aug_0_2996.jpeg
Flaccidity,Flaccidity,f_aug_0_3001.jpeg
Flaccidity,Flaccidity,f_aug_0_3026.jpeg
Yellowing,Flaccidity,f_aug_0_3066.jpeg
Flaccidity,Flaccidity,f_aug_0_3070.jpeg
Leaflets,Flaccidity,f_aug_0_3082.jpeg
Leaflets,Flaccidity,f_aug_0_3093.jpeg
Flaccidity,Flaccidity,f_aug_0_3175.jpeg
Flaccidity,Flaccidity,f_aug_0_3199.jpeg
Flaccidity,Flaccidity,f_aug_0_3257.jpeg
Flaccidity,Flaccidity,f_aug_0_3302.jpeg
Yellowing,Flaccidity,f_aug_0_3336.jpeg
Flaccidity,Flaccidity,f_aug_0_3341.jpeg
Flaccidity,Flaccidity,f_aug_0_3342.jpeg
Flaccidity,Flaccidity,f_aug_0_3351.jpeg
Flaccidity,Flaccidity,f_aug_0_3379.jpeg
Flaccidity,Flaccidity,f_aug_0_3390.jpeg
Flaccidity,Flaccidity,f_aug_0_3402.jpeg
Flaccidity,Flaccidity,f_aug_0_3418.jpeg
Caterpillars,Flaccidity,f_aug_0_347.jpeg
Flaccidity,Flaccidity,f_aug_0_3512.jpeg
Flaccidity,Flaccidity,f_aug_0_3523.jpeg
Flaccidity,Flaccidity,f_aug_0_3576.jpeg
Yellowing,Flaccidity,f_aug_0_3633.jpeg
Flaccidity,Flaccidity,f_aug_0_3640.jpeg
Flaccidity,Flaccidity,f_aug_0_3709.jpeg
Flaccidity,Flaccidity,f_aug_0_3773.jpeg
Flaccidity,Flaccidity,f_aug_0_3824.jpeg
Flaccidity,Flaccidity,f_aug_0_3884.jpeg
Flaccidity,Flaccidity,f_aug_0_3891.jpeg
Flaccidity,Flaccidity,f_aug_0_3909.jpeg
Flaccidity,Flaccidity,f_aug_0_3911.jpeg
Flaccidity,Flaccidity,f_aug_0_3940.jpeg
Flaccidity,Flaccidity,f_aug_0_3988.jpeg
Flaccidity,Flaccidity,f_aug_0_4101.jpeg
Flaccidity,Flaccidity,f_aug_0_4124.jpeg
Flaccidity,Flaccidity,f_aug_0_4131.jpeg
Flaccidity,Flaccidity,f_aug_0_4152.jpeg
Flaccidity,Flaccidity,f_aug_0_417.jpeg
Flaccidity,Flaccidity,f_aug_0_4214.jpeg
Flaccidity,Flaccidity,f_aug_0_4256.jpeg
Flaccidity,Flaccidity,f_aug_0_4281.jpeg
Flaccidity,Flaccidity,f_aug_0_4357.jpeg
Flaccidity,Flaccidity,f_aug_0_4367.jpeg
Flaccidity,Flaccidity,f_aug_0_4540.jpeg
Leaflets,Flaccidity,f_aug_0_4546.jpeg
Flaccidity,Flaccidity,f_aug_0_455.jpeg
Flaccidity,Flaccidity,f_aug_0_457.jpeg
Flaccidity,Flaccidity,f_aug_0_4633.jpeg
Flaccidity,Flaccidity,f_aug_0_4636.jpeg
Flaccidity,Flaccidity,f_aug_0_4792.jpeg
Flaccidity,Flaccidity,f_aug_0_4795.jpeg
Flaccidity,Flaccidity,f_aug_0_4867.jpeg
Flaccidity,Flaccidity,f_aug_0_495.jpeg
Leaflets,Flaccidity,f_aug_0_5048.jpeg
Flaccidity,Flaccidity,f_aug_0_5064.jpeg
Flaccidity,Flaccidity,f_aug_0_507.jpeg
Yellowing,Flaccidity,f_aug_0_5123.jpeg
Flaccidity,Flaccidity,f_aug_0_5130.jpeg
Flaccidity,Flaccidity,f_aug_0_5173.jpeg
Flaccidity,Flaccidity,f_aug_0_5213.jpeg
Flaccidity,Flaccidity,f_aug_0_522.jpeg
Flaccidity,Flaccidity,f_aug_0_5221.jpeg
Flaccidity,Flaccidity,f_aug_0_523.jpeg
Flaccidity,Flaccidity,f_aug_0_5372.jpeg
Flaccidity,Flaccidity,f_aug_0_5380.jpeg
Leaflets,Flaccidity,f_aug_0_5494.jpeg
Flaccidity,Flaccidity,f_aug_0_5501.jpeg
Flaccidity,Flaccidity,f_aug_0_5502.jpeg
Yellowing,Flaccidity,f_aug_0_5512.jpeg
Yellowing,Flaccidity,f_aug_0_5573.jpeg
Flaccidity,Flaccidity,f_aug_0_56.jpeg
Flaccidity,Flaccidity,f_aug_0_5604.jpeg
Flaccidity,Flaccidity,f_aug_0_5651.jpeg
Flaccidity,Flaccidity,f_aug_0_5661.jpeg
Flaccidity,Flaccidity,f_aug_0_5723.jpeg
Yellowing,Flaccidity,f_aug_0_5756.jpeg
Caterpillars,Flaccidity,f_aug_0_5767.jpeg
Flaccidity,Flaccidity,f_aug_0_5807.jpeg
Flaccidity,Flaccidity,f_aug_0_5826.jpeg
Flaccidity,Flaccidity,f_aug_0_5841.jpeg
Flaccidity,Flaccidity,f_aug_0_5856.jpeg
Flaccidity,Flaccidity,f_aug_0_5906.jpeg
Flaccidity,Flaccidity,f_aug_0_5945.jpeg
Flaccidity,Flaccidity,f_aug_0_5955.jpeg
Flaccidity,Flaccidity,f_aug_0_6049.jpeg
Flaccidity,Flaccidity,f_aug_0_6056.jpeg
Leaflets,Flaccidity,f_aug_0_6168.jpeg
Flaccidity,Flaccidity,f_aug_0_6217.jpeg
Flaccidity,Flaccidity,f_aug_0_6221.jpeg
Flaccidity,Flaccidity,f_aug_0_6234.jpeg
Flaccidity,Flaccidity,f_aug_0_6244.jpeg
Flaccidity,Flaccidity,f_aug_0_6279.jpeg
Flaccidity,Flaccidity,f_aug_0_6311.jpeg
Flaccidity,Flaccidity,f_aug_0_6379.jpeg
Flaccidity,Flaccidity,f_aug_0_6389.jpeg
Flaccidity,Flaccidity,f_aug_0_6425.jpeg
Flaccidity,Flaccidity,f_aug_0_6562.jpeg
Flaccidity,Flaccidity,f_aug_0_6576.jpeg
Flaccidity,Flaccidity,f_aug_0_659.jpeg
Yellowing,Flaccidity,f_aug_0_6681.jpeg
Flaccidity,Flaccidity,f_aug_0_6683.jpeg
Flaccidity,Flaccidity,f_aug_0_672.jpeg
Flaccidity,Flaccidity,f_aug_0_6730.jpeg
Flaccidity,Flaccidity,f_aug_0_6797.jpeg
Flaccidity,Flaccidity,f_aug_0_6825.jpeg
Flaccidity,Flaccidity,f_aug_0_6975.jpeg
Yellowing,Flaccidity,f_aug_0_6997.jpeg
Flaccidity,Flaccidity,f_aug_0_702.jpeg
Flaccidity,Flaccidity,f_aug_0_7077.jpeg
Flaccidity,Flaccidity,f_aug_0_7086.jpeg
Flaccidity,Flaccidity,f_aug_0_7132.jpeg
Flaccidity,Flaccidity,f_aug_0_716.jpeg
Flaccidity,Flaccidity,f_aug_0_7398.jpeg
Flaccidity,Flaccidity,f_aug_0_7411.jpeg
Flaccidity,Flaccidity,f_aug_0_7490.jpeg
Flaccidity,Flaccidity,f_aug_0_7553.jpeg
Flaccidity,Flaccidity,f_aug_0_7619.jpeg
Flaccidity,Flaccidity,f_aug_0_7659.jpeg
Flaccidity,Flaccidity,f_aug_0_7660.jpeg
Flaccidity,Flaccidity,f_aug_0_7698.jpeg
Flaccidity,Flaccidity,f_aug_0_7700.jpeg
Flaccidity,Flaccidity,f_aug_0_7737.jpeg
Flaccidity,Flaccidity,f_aug_0_7792.jpeg
Flaccidity,Flaccidity,f_aug_0_7974.jpeg
Leaflets,Flaccidity,f_aug_0_7976.jpeg
Flaccidity,Flaccidity,f_aug_0_8039.jpeg
Flaccidity,Flaccidity,f_aug_0_8047.jpeg
Leaflets,Flaccidity,f_aug_0_8049.jpeg
Caterpillars,Flaccidity,f_aug_0_8086.jpeg
Flaccidity,Flaccidity,f_aug_0_8124.jpeg
Flaccidity,Flaccidity,f_aug_0_8154.jpeg
Flaccidity,Flaccidity,f_aug_0_8190.jpeg
Flaccidity,Flaccidity,f_aug_0_8259.jpeg
Flaccidity,Flaccidity,f_aug_0_8313.jpeg
Yellowing,Flaccidity,f_aug_0_8365.jpeg
Flaccidity,Flaccidity,f_aug_0_8373.jpeg
Yellowing,Flaccidity,f_aug_0_8413.jpeg
Flaccidity,Flaccidity,f_aug_0_8429.jpeg
Caterpillars,Flaccidity,f_aug_0_8434.jpeg
Caterpillars,Flaccidity,f_aug_0_8530.jpeg
Flaccidity,Flaccidity,f_aug_0_856.jpeg
Yellowing,Flaccidity,f_aug_0_864.jpeg
Flaccidity,Flaccidity,f_aug_0_8726.jpeg
Flaccidity,Flaccidity,f_aug_0_8825.jpeg
Flaccidity,Flaccidity,f_aug_0_89.jpeg
Flaccidity,Flaccidity,f_aug_0_8900.jpeg
Flaccidity,Flaccidity,f_aug_0_894.jpeg
Flaccidity,Flaccidity,f_aug_0_8990.jpeg
Leaflets,Flaccidity,f_aug_0_8998.jpeg
Flaccidity,Flaccidity,f_aug_0_9099.jpeg
Flaccidity,Flaccidity,f_aug_0_9138.jpeg
Flaccidity,Flaccidity,f_aug_0_9201.jpeg
Flaccidity,Flaccidity,f_aug_0_9239.jpeg
Flaccidity,Flaccidity,f_aug_0_9309.jpeg
Leaflets,Flaccidity,f_aug_0_9454.jpeg
Flaccidity,Flaccidity,f_aug_0_9608.jpeg
Flaccidity,Flaccidity,f_aug_0_9717.jpeg
Flaccidity,Flaccidity,f_aug_0_9748.jpeg
Leaflets,Flaccidity,f_aug_0_9832.jpeg
Flaccidity,Flaccidity,f_aug_0_988.jpeg
Flaccidity,Flaccidity,f_aug_0_989.jpeg
Yellowing,Flaccidity,f_aug_0_9936.jpeg
Leaflets,Flaccidity,f_aug_0_9940.jpeg
Flaccidity,Flaccidity,f_aug_0_9942.jpeg
Caterpillars,Leaflets,CCI_01__1_1040.jpg
Leaflets,Leaflets,CCI_01__1_120.jpg
Flaccidity,Leaflets,CCI_01__1_1200.jpg
Drying of Leaflets,Leaflets,CCI_01__1_40.jpg
Drying of Leaflets,Leaflets,CCI_01__1_680.jpg
Leaflets,Leaflets,CCI_01__1_720.jpg
Flaccidity,Leaflets,CCI_02__1_1120.jpg
Leaflets,Leaflets,CCI_02__1_1260.jpg
Leaflets,Leaflets,CCI_02__1_1280.jpg
Leaflets,Leaflets,CCI_02__1_1500.jpg
Flaccidity,Leaflets,CCI_02__1_1560.jpg
Flaccidity,Leaflets,CCI_02__1_1880.jpg
Flaccidity,Leaflets,CCI_02__1_2000.jpg
Leaflets,Leaflets,CCI_02__1_2140.jpg
Leaflets,Leaflets,CCI_02__1_2180.jpg
Leaflets,Leaflets,CCI_02__1_220.jpg
Leaflets,Leaflets,CCI_02__1_2200.jpg
Leaflets,Leaflets,CCI_02__1_300.jpg
Leaflets,Leaflets,CCI_02__1_340.jpg
Leaflets,Leaflets,CCI_02__1_360.jpg
Leaflets,Leaflets,CCI_02__1_460.jpg
Leaflets,Leaflets,CCI_02__1_600.jpg
Leaflets,Leaflets,CCI_02__1_620.jpg
Flaccidity,Leaflets,CCI_02__1_920.jpg
Leaflets,Leaflets,CCI_02__1_960.jpg
Flaccidity,Leaflets,CCI_03__1_1020.jpg
Flaccidity,Leaflets,CCI_03__1_120.jpg
Leaflets,Leaflets,CCI_03__1_860.jpg
Flaccidity,Leaflets,CCI_03__1_960.jpg
Flaccidity,Leaflets,CCI_04__1_1060.jpg
Leaflets,Leaflets,CCI_04__1_1140.jpg
Leaflets,Leaflets,CCI_04__1_460.jpg
Leaflets,Leaflets,CCI_04__1_500.jpg
Flaccidity,Leaflets,CCI_04__1_680.jpg
Leaflets,Leaflets,CCI_04__1_80.jpg
Leaflets,Leaflets,CCI_05__1_300.jpg
Leaflets,Leaflets,CCI_05__1_40.jpg
Leaflets,Leaflets,CCI_05__1_480.jpg
Yellowing,Leaflets,CCI_05__1_520.jpg
Flaccidity,Leaflets,CCI_05__1_600.jpg
Flaccidity,Leaflets,CCI_05__1_700.jpg
Leaflets,Leaflets,CCI_06__1_140.jpg
Caterpillars,Leaflets,CCI_06__1_200.jpg
Flaccidity,Leaflets,CCI_06__1_320.jpg
Leaflets,Leaflets,CCI_06__1_40.jpg
Flaccidity,Leaflets,CCI_06__1_460.jpg
Leaflets,Leaflets,CCI_06__1_980.jpg
Leaflets,Leaflets,CCI_07__1_1040.jpg
Leaflets,Leaflets,CCI_07__1_1140.jpg
Leaflets,Leaflets,CCI_07__1_280.jpg
Leaflets,Leaflets,CCI_07__1_300.jpg
Leaflets,Leaflets,CCI_07__1_320.jpg
Leaflets,Leaflets,CCI_07__1_500.jpg
Leaflets,Leaflets,CCI_07__1_700.jpg
Yellowing,Leaflets,CCI_07__1_820.jpg
Leaflets,Leaflets,CCI_07__1_880.jpg
Leaflets,Leaflets,CCI_07__1_920.jpg
Leaflets,Leaflets,CCI_07__1_940.jpg
Flaccidity,Leaflets,CCI_08__1_120.jpg
Leaflets,Leaflets,CCI_08__1_340.jpg
Leaflets,Leaflets,CCI_08__1_440.jpg
Drying of Leaflets,Leaflets,CCI_08__1_460.jpg
Leaflets,Leaflets,CCI_09__1_100.jpg
Leaflets,Leaflets,CCI_09__1_160.jpg
Leaflets,Leaflets,CCI_09__1_180.jpg
Leaflets,Leaflets,CCI_09__1_220.jpg
Leaflets,Leaflets,CCI_09__1_340.jpg
Leaflets,Leaflets,CCI_09__1_420.jpg
Leaflets,Leaflets,CCI_09__1_460.jpg
Leaflets,Leaflets,CCI_09__1_560.jpg
Leaflets,Leaflets,CCI_09__1_600.jpg
Leaflets,Leaflets,CCI_09__1_620.jpg
Leaflets,Leaflets,CCI_09__1_760.jpg
Leaflets,Leaflets,CCI_10__1_20.jpg
Leaflets,Leaflets,CCI_10__1_320.jpg
Leaflets,Leaflets,CCI_10__1_520.jpg
Leaflets,Leaflets,CCI_10__1_560.jpg
Leaflets,Leaflets,CCI_10__1_860.jpg
Leaflets,Leaflets,CCI_11__1_200.jpg
Leaflets,Leaflets,CCI_11__1_220.jpg
Leaflets,Leaflets,CCI_11__1_280.jpg
Flaccidity,Leaflets,CCI_11__1_420.jpg
Leaflets,Leaflets,CCI_11__1_540.jpg
Leaflets,Leaflets,CCI_11__1_60.jpg
Leaflets,Leaflets,CCI_11__1_640.jpg
Leaflets,Leaflets,CCI_12__1_0.jpg
Leaflets,Leaflets,CCI_12__1_1100.jpg
Leaflets,Leaflets,CCI_12__1_340.jpg
Leaflets,Leaflets,CCI_12__1_400.jpg
Leaflets,Leaflets,CCI_12__1_440.jpg
Leaflets,Leaflets,CCI_12__1_480.jpg
Leaflets,Leaflets,CCI_12__1_60.jpg
Flaccidity,Leaflets,CCI_12__1_660.jpg
Leaflets,Leaflets,CCI_12__1_780.jpg
Drying of Leaflets,Leaflets,CCI_12__1_800.jpg
Leaflets,Leaflets,CCI_13__1_360.jpg
Leaflets,Leaflets,CCI_13__1_540.jpg
Leaflets,Leaflets,CCI_13__1_780.jpg
Leaflets,Leaflets,CCI_13__1_840.jpg
Leaflets,Leaflets,CCI_13__1_960.jpg
Leaflets,Leaflets,CCI_14__1_280.jpg
Leaflets,Leaflets,CCI_14__1_300.jpg
Leaflets,Leaflets,CCI_14__1_860.jpg
Leaflets,Leaflets,CCI_15__1_1000.jpg
Leaflets,Leaflets,CCI_15__1_1120.jpg
Leaflets,Leaflets,CCI_15__1_360.jpg
Leaflets,Leaflets,CCI_15__1_400.jpg
Leaflets,Leaflets,CCI_15__1_560.jpg
Leaflets,Leaflets,CCI_15__1_600.jpg
Leaflets,Leaflets,CCI_15__1_660.jpg
Leaflets,Leaflets,CCI_15__1_760.jpg
Leaflets,Leaflets,CCI_15__1_780.jpg
Leaflets,Leaflets,CCI_16__1_160.jpg
Leaflets,Leaflets,CCI_16__1_200.jpg
Leaflets,Leaflets,CCI_16__1_260.jpg
Leaflets,Leaflets,CCI_16__1_340.jpg
Leaflets,Leaflets,CCI_16__1_40.jpg
Leaflets,Leaflets,CCI_16__1_500.jpg
Leaflets,Leaflets,CCI_16__1_540.jpg
Leaflets,Leaflets,CCI_17__1_200.jpg
Leaflets,Leaflets,IMG_2538.JPG
Leaflets,Leaflets,IMG_2540.JPG
Leaflets,Leaflets,IMG_2556.JPG
Leaflets,Leaflets,IMG_2580.JPG
Leaflets,Leaflets,IMG_2585.JPG
Leaflets,Leaflets,IMG_2589.JPG
Leaflets,Leaflets,IMG_2597.JPG
Leaflets,Leaflets,IMG_2604.JPG
Leaflets,Leaflets,IMG_2607.JPG
Leaflets,Leaflets,IMG_2613.JPG
Leaflets,Leaflets,IMG_2614.JPG
Leaflets,Leaflets,IMG_2621.JPG
Leaflets,Leaflets,IMG_2622.JPG
Leaflets,Leaflets,IMG_2628.JPG
Leaflets,Leaflets,IMG_2633.JPG
Leaflets,Leaflets,IMG_2641.JPG
Leaflets,Leaflets,IMG_2657.JPG
Leaflets,Leaflets,IMG_2669.JPG
Leaflets,Leaflets,IMG_2674.JPG
Leaflets,Leaflets,IMG_2683.JPG
Leaflets,Leaflets,IMG_2694.JPG
Leaflets,Leaflets,IMG_2695.JPG
Leaflets,Leaflets,IMG_2698.JPG
Leaflets,Leaflets,IMG_2725.JPG
Leaflets,Leaflets,IMG_2728.JPG
Leaflets,Leaflets,IMG_2749.JPG
Leaflets,Leaflets,IMG_2750.JPG
Leaflets,Leaflets,IMG_2753.JPG
Leaflets,Leaflets,IMG_2754.JPG
Leaflets,Leaflets,IMG_2762.JPG
Leaflets,Leaflets,IMG_2773.JPG
Leaflets,Leaflets,IMG_2776.JPG
Leaflets,Leaflets,IMG_2777.JPG
Leaflets,Leaflets,IMG_2779.JPG
Leaflets,Leaflets,IMG_2781.JPG
Leaflets,Leaflets,IMG_2795.JPG
Leaflets,Leaflets,IMG_2797.JPG
Leaflets,Leaflets,IMG_2804.JPG
Leaflets,Leaflets,IMG_2814.JPG
Yellowing,Yellowing,DSC_0016.JPG
Yellowing,Yellowing,DSC_0061.JPG
Yellowing,Yellowing,DSC_0145.JPG
Leaflets,Yellowing,DSC_0155.JPG
Flaccidity,Yellowing,DSC_0173.JPG
Caterpillars,Yellowing,DSC_0186.JPG
Yellowing,Yellowing,DSC_0196.JPG
Yellowing,Yellowing,f_aug_0_10.jpeg
Flaccidity,Yellowing,f_aug_0_1023.jpeg
Flaccidity,Yellowing,f_aug_0_1089.jpeg
Yellowing,Yellowing,f_aug_0_109.jpeg
Flaccidity,Yellowing,f_aug_0_1100.jpeg
Yellowing,Yellowing,f_aug_0_1144.jpeg
Yellowing,Yellowing,f_aug_0_1190.jpeg
Yellowing,Yellowing,f_aug_0_120.jpeg
Yellowing,Yellowing,f_aug_0_1325.jpeg
Flaccidity,Yellowing,f_aug_0_1420.jpeg
Drying of Leaflets,Yellowing,f_aug_0_1429.jpeg
Yellowing,Yellowing,f_aug_0_1450.jpeg
Drying of Leaflets,Yellowing,f_aug_0_1510.jpeg
Yellowing,Yellowing,f_aug_0_1522.jpeg
Yellowing,Yellowing,f_aug_0_1596.jpeg
Yellowing,Yellowing,f_aug_0_1607.jpeg
Yellowing,Yellowing,f_aug_0_1628.jpeg
Yellowing,Yellowing,f_aug_0_1629.jpeg
Flaccidity,Yellowing,f_aug_0_1633.jpeg
Flaccidity,Yellowing,f_aug_0_1653.jpeg
Yellowing,Yellowing,f_aug_0_1703.jpeg
Flaccidity,Yellowing,f_aug_0_1773.jpeg
Yellowing,Yellowing,f_aug_0_188.jpeg
Yellowing,Yellowing,f_aug_0_189.jpeg
Caterpillars,Yellowing,f_aug_0_1906.jpeg
Drying of Leaflets,Yellowing,f_aug_0_2002.jpeg
Yellowing,Yellowing,f_aug_0_2004.jpeg
Yellowing,Yellowing,f_aug_0_2085.jpeg
Drying of Leaflets,Yellowing,f_aug_0_2115.jpeg
Flaccidity,Yellowing,f_aug_0_2118.jpeg
Yellowing,Yellowing,f_aug_0_2159.jpeg
Flaccidity,Yellowing,f_aug_0_2306.jpeg
Flaccidity,Yellowing,f_aug_0_2354.jpeg
Flaccidity,Yellowing,f_aug_0_2518.jpeg
Yellowing,Yellowing,f_aug_0_2598.jpeg
Yellowing,Yellowing,f_aug_0_2640.jpeg
Flaccidity,Yellowing,f_aug_0_2654.jpeg
Yellowing,Yellowing,f_aug_0_2731.jpeg
Yellowing,Yellowing,f_aug_0_274.jpeg
Yellowing,Yellowing,f_aug_0_2858.jpeg
Yellowing,Yellowing,f_aug_0_29.jpeg
Yellowing,Yellowing,f_aug_0_2901.jpeg
Yellowing,Yellowing,f_aug_0_2903.jpeg
Yellowing,Yellowing,f_aug_0_3011.jpeg
Leaflets,Yellowing,f_aug_0_3085.jpeg
Yellowing,Yellowing,f_aug_0_3086.jpeg
Drying of Leaflets,Yellowing,f_aug_0_3100.jpeg
Drying of Leaflets,Yellowing,f_aug_0_3110.jpeg
Yellowing,Yellowing,f_aug_0_3136.jpeg
Leaflets,Yellowing,f_aug_0_3174.jpeg
Yellowing,Yellowing,f_aug_0_318.jpeg
Yellowing,Yellowing,f_aug_0_3201.jpeg
Flaccidity,Yellowing,f_aug_0_3218.jpeg
Yellowing,Yellowing,f_aug_0_3233.jpeg
Yellowing,Yellowing,f_aug_0_3244.jpeg
Yellowing,Yellowing,f_aug_0_3385.jpeg
Flaccidity,Yellowing,f_aug_0_3395.jpeg
Yellowing,Yellowing,f_aug_0_3409.jpeg
Yellowing,Yellowing,f_aug_0_3455.jpeg
Yellowing,Yellowing,f_aug_0_346.jpeg
Drying of Leaflets,Yellowing,f_aug_0_3574.jpeg
Drying of Leaflets,Yellowing,f_aug_0_3575.jpeg
Flaccidity,Yellowing,f_aug_0_3583.jpeg
Flaccidity,Yellowing,f_aug_0_3586.jpeg
Yellowing,Yellowing,f_aug_0_3645.jpeg
Yellowing,Yellowing,f_aug_0_3706.jpeg
Yellowing,Yellowing,f_aug_0_3801.jpeg
Yellowing,Yellowing,f_aug_0_3866.jpeg
Yellowing,Yellowing,f_aug_0_3883.jpeg
Yellowing,Yellowing,f_aug_0_3898.jpeg
Flaccidity,Yellowing,f_aug_0_3918.jpeg
Yellowing,Yellowing,f_aug_0_3920.jpeg
Yellowing,Yellowing,f_aug_0_3953.jpeg
Yellowing,Yellowing,f_aug_0_4009.jpeg
Yellowing,Yellowing,f_aug_0_4058.jpeg
Yellowing,Yellowing,f_aug_0_4060.jpeg
Yellowing,Yellowing,f_aug_0_4109.jpeg
Yellowing,Yellowing,f_aug_0_4161.jpeg
Drying of Leaflets,Yellowing,f_aug_0_4225.jpeg
Flaccidity,Yellowing,f_aug_0_426.jpeg
Yellowing,Yellowing,f_aug_0_4347.jpeg
Yellowing,Yellowing,f_aug_0_4408.jpeg
Flaccidity,Yellowing,f_aug_0_45.jpeg
Yellowing,Yellowing,f_aug_0_4667.jpeg
Yellowing,Yellowing,f_aug_0_4782.jpeg
Yellowing,Yellowing,f_aug_0_4850.jpeg
Drying of Leaflets,Yellowing,f_aug_0_4869.jpeg
Caterpillars,Yellowing,f_aug_0_4870.jpeg
Yellowing,Yellowing,f_aug_0_4956.jpeg
Yellowing,Yellowing,f_aug_0_4992.jpeg
Yellowing,Yellowing,f_aug_0_4996.jpeg
Drying of Leaflets,Yellowing,f_aug_0_50.jpeg
Yellowing,Yellowing,f_aug_0_5011.jpeg
Drying of Leaflets,Yellowing,f_aug_0_5040.jpeg
Yellowing,Yellowing,f_aug_0_5084.jpeg
Drying of Leaflets,Yellowing,f_aug_0_5153.jpeg
Flaccidity,Yellowing,f_aug_0_5165.jpeg
Yellowing,Yellowing,f_aug_0_5237.jpeg
Drying of Leaflets,Yellowing,f_aug_0_5281.jpeg
Yellowing,Yellowing,f_aug_0_5331.jpeg
Yellowing,Yellowing,f_aug_0_5332.jpeg
Yellowing,Yellowing,f_aug_0_5360.jpeg
Drying of Leaflets,Yellowing,f_aug_0_5397.jpeg
Yellowing,Yellowing,f_aug_0_5438.jpeg
Leaflets,Yellowing,f_aug_0_552.jpeg
Yellowing,Yellowing,f_aug_0_5586.jpeg
Yellowing,Yellowing,f_aug_0_5594.jpeg
Yellowing,Yellowing,f_aug_0_5777.jpeg
Yellowing,Yellowing,f_aug_0_5830.jpeg
Leaflets,Yellowing,f_aug_0_586.jpeg
Yellowing,Yellowing,f_aug_0_5994.jpeg
Yellowing,Yellowing,f_aug_0_5998.jpeg
Yellowing,Yellowing,f_aug_0_6012.jpeg
Flaccidity,Yellowing,f_aug_0_6054.jpeg
Yellowing,Yellowing,f_aug_0_607.jpeg
Yellowing,Yellowing,f_aug_0_6099.jpeg
Yellowing,Yellowing,f_aug_0_6135.jpeg
Yellowing,Yellowing,f_aug_0_618.jpeg
Flaccidity,Yellowing,f_aug_0_6182.jpeg
Yellowing,Yellowing,f_aug_0_6352.jpeg
Flaccidity,Yellowing,f_aug_0_6402.jpeg
Flaccidity,Yellowing,f_aug_0_643.jpeg
Flaccidity,Yellowing,f_aug_0_6446.jpeg
Drying of Leaflets,Yellowing,f_aug_0_6459.jpeg
Leaflets,Yellowing,f_aug_0_6483.jpeg
Drying of Leaflets,Yellowing,f_aug_0_6516.jpeg
Yellowing,Yellowing,f_aug_0_6527.jpeg
Yellowing,Yellowing,f_aug_0_6532.jpeg
Yellowing,Yellowing,f_aug_0_6559.jpeg
Yellowing,Yellowing,f_aug_0_6599.jpeg
Yellowing,Yellowing,f_aug_0_6600.jpeg
Yellowing,Yellowing,f_aug_0_6663.jpeg
Flaccidity,Yellowing,f_aug_0_6737.jpeg
Drying of Leaflets,Yellowing,f_aug_0_677.jpeg
Drying of Leaflets,Yellowing,f_aug_0_6807.jpeg
Yellowing,Yellowing,f_aug_0_6826.jpeg
Drying of Leaflets,Yellowing,f_aug_0_6840.jpeg
Drying of Leaflets,Yellowing,f_aug_0_7048.jpeg
Yellowing,Yellowing,f_aug_0_7068.jpeg
Yellowing,Yellowing,f_aug_0_7114.jpeg
Yellowing,Yellowing,f_aug_0_7131.jpeg
Yellowing,Yellowing,f_aug_0_7177.jpeg
Yellowing,Yellowing,f_aug_0_7180.jpeg
Yellowing,Yellowing,f_aug_0_7199.jpeg
Yellowing,Yellowing,f_aug_0_7208.jpeg
Yellowing,Yellowing,f_aug_0_7216.jpeg
Caterpillars,Yellowing,f_aug_0_722.jpeg
Yellowing,Yellowing,f_aug_0_7289.jpeg
Drying of Leaflets,Yellowing,f_aug_0_7340.jpeg
Flaccidity,Yellowing,f_aug_0_7398.jpeg
Leaflets,Yellowing,f_aug_0_7413.jpeg
Yellowing,Yellowing,f_aug_0_7420.jpeg
Yellowing,Yellowing,f_aug_0_7484.jpeg
Drying of Leaflets,Yellowing,f_aug_0_7529.jpeg
Yellowing,Yellowing,f_aug_0_7601.jpeg
Yellowing,Yellowing,f_aug_0_7634.jpeg
Yellowing,Yellowing,f_aug_0_7719.jpeg
Yellowing,Yellowing,f_aug_0_7819.jpeg
Yellowing,Yellowing,f_aug_0_7924.jpeg
Yellowing,Yellowing,f_aug_0_7933.jpeg
Yellowing,Yellowing,f_aug_0_7959.jpeg
Flaccidity,Yellowing,f_aug_0_7969.jpeg
Flaccidity,Yellowing,f_aug_0_7997.jpeg
Drying of Leaflets,Yellowing,f_aug_0_8048.jpeg
Yellowing,Yellowing,f_aug_0_810.jpeg
Yellowing,Yellowing,f_aug_0_8108.jpeg
Caterpillars,Yellowing,f_aug_0_8135.jpeg
Yellowing,Yellowing,f_aug_0_8202.jpeg
Yellowing,Yellowing,f_aug_0_8225.jpeg
Yellowing,Yellowing,f_aug_0_8344.jpeg
Yellowing,Yellowing,f_aug_0_8350.jpeg
Yellowing,Yellowing,f_aug_0_8402.jpeg
Yellowing,Yellowing,f_aug_0_8404.jpeg
Drying of Leaflets,Yellowing,f_aug_0_8418.jpeg
Yellowing,Yellowing,f_aug_0_8454.jpeg
Drying of Leaflets,Yellowing,f_aug_0_8457.jpeg
Yellowing,Yellowing,f_aug_0_8574.jpeg
Yellowing,Yellowing,f_aug_0_8598.jpeg
Yellowing,Yellowing,f_aug_0_863.jpeg
Yellowing,Yellowing,f_aug_0_882.jpeg
Flaccidity,Yellowing,f_aug_0_883.jpeg
Yellowing,Yellowing,f_aug_0_8836.jpeg
Yellowing,Yellowing,f_aug_0_8854.jpeg
Yellowing,Yellowing,f_aug_0_8880.jpeg
Yellowing,Yellowing,f_aug_0_8992.jpeg
Yellowing,Yellowing,f_aug_0_9080.jpeg
Drying of Leaflets,Yellowing,f_aug_0_9081.jpeg
Yellowing,Yellowing,f_aug_0_9092.jpeg
Yellowing,Yellowing,f_aug_0_9119.jpeg
Flaccidity,Yellowing,f_aug_0_9200.jpeg
Drying of Leaflets,Yellowing,f_aug_0_9235.jpeg
Caterpillars,Yellowing,f_aug_0_9236.jpeg
Yellowing,Yellowing,f_aug_0_9239.jpeg
Yellowing,Yellowing,f_aug_0_9349.jpeg
Yellowing,Yellowing,f_aug_0_9400.jpeg
Yellowing,Yellowing,f_aug_0_9482.jpeg
Drying of Leaflets,Yellowing,f_aug_0_9518.jpeg
Yellowing,Yellowing,f_aug_0_9585.jpeg
Yellowing,Yellowing,f_aug_0_9620.jpeg
Caterpillars,Yellowing,f_aug_0_9661.jpeg
Yellowing,Yellowing,f_aug_0_9694.jpeg
Caterpillars,Yellowing,f_aug_0_9756.jpeg
Drying of Leaflets,Yellowing,f_aug_0_977.jpeg
Yellowing,Yellowing,f_aug_0_9771.jpeg
Yellowing,Yellowing,f_aug_0_9773.jpeg
Yellowing,Yellowing,f_aug_0_9798.jpeg
Yellowing,Yellowing,f_aug_0_9844.jpeg
Yellowing,Yellowing,f_aug_0_9847.jpeg
Yellowing,Yellowing,f_aug_0_9853.jpeg
Yellowing,Yellowing,f_aug_0_9888.jpeg
